,Fees
0,201.30896825396826
1,299.4866666666666
2,362.4
3,173.81410256410257
4,434.8833333333333
5,224.8
6,372.38571428571424
7,246.52333333333334
8,289.71433621933625
9,342.5754761904762
10,422.9858441558442
11,163.71214285714282
12,340.86
13,391.965
14,345.7733333333333
15,230.12636807636804
16,358.7
17,359.06
18,108.21392857142857
19,343.55
20,358.15412698412695
21,155.1980158730158
22,447.037619047619
23,347.0843650793651
24,346.26007936507943
25,244.17333333333335
26,238.39500000000004
27,202.90567821067822
28,487.3430952380953
29,376.2133333333333
30,422.9858441558442
31,269.71166666666676
32,536.84
33,542.64
34,402.9
35,164.7143650793652
36,253.24071428571426
37,323.11999999999995
38,329.7894444444445
39,143.32597402597403
40,171.25
41,171.85190476190476
42,190.26476190476188
43,348.4776190476192
44,469.17
45,342.6721428571428
46,419.1057142857144
47,412.13476190476183
48,306.9833333333333
49,247.55738095238098
50,437.05190476190467
51,352.01666666666665
52,251.23333333333338
53,663.9614285714289
54,81.99692857142857
55,224.27999999999997
56,230.1336349206349
57,269.2
58,331.2333333333333
59,164.1242857142857
60,375.1
61,384.55119047619047
62,287.944242979243
63,317.6
64,444.2335714285714
65,327.6
66,182.7
67,456.98
68,267.47
69,347.7866666666667
70,148.6198809523809
71,330.3338095238096
72,447.3
73,314.52035714285716
74,194.35619047619045
75,324.00857142857143
76,441.3
77,292.0070476190476
78,294.2639047619047
79,568.2
80,202.54666666666668
81,308.73761904761903
82,505.12
83,185.39463952713965
84,300.6930230880231
85,485.89457142857145
86,201.30896825396826
87,553.3
88,444.2335714285714
89,355.32380952380953
90,283.84999999999997
91,400.77333333333337
92,139.1463136863136
93,267.2
94,288.335
95,114.02666666666666
96,446.4
97,341.37999999999994
98,284.47404761904755
99,563.82
100,280.7379365079365
101,109.25150793650795
102,314.52035714285716
103,415.65190476190463
104,188.1
105,178.34069264069262
106,698.7333333333333
107,422.45
108,230.12636807636804
109,334.58833333333325
110,142.04263403263406
111,103.3874352092352
112,137.24861111111116
113,129.64925685425686
114,478.70555555555563
115,134.4252380952381
116,264.95714285714286
117,434.38095238095246
118,148.31722222222223
119,500.1
120,227.82809523809522
121,225.020367965368
122,251.23333333333338
123,217.55
124,375.2366666666666
125,503.73333333333335
126,403.3
127,422.35
128,287.70190476190476
129,322.80083333333334
130,248.6086446886447
131,219.05058441558447
132,269.54285714285726
133,566.6
134,269.3961471861472
135,521.0566666666666
136,205.60238095238105
137,202.47920634920638
138,301.16
139,274.1
140,374.7733333333333
141,522.08
142,265.04153679653683
143,452.85833333333335
144,229.15
145,371.345
146,402.29261904761904
147,343.99404761904765
148,243.45833333333331
149,182.61905483405485
150,321.2166666666667
151,174.34666666666666
152,358.02
153,496.3
154,293.1433333333333
155,499.1446500721499
156,189.94
157,103.56166666666665
158,251.5608333333333
159,330.3468253968254
160,304.2125
161,267.9747119547121
162,297.93809523809523
163,235.61818181818182
164,412.83809523809526
165,157.89333333333332
166,575.65
167,434.9964285714285
168,417.1
169,226.76809523809524
170,393.9866666666667
171,409.0583333333334
172,213.56417443667442
173,433.82
174,456.5
175,277.50138888888887
176,294.29
177,348.4776190476192
178,473.8
179,468.5204761904762
180,331.53
181,421.8866666666667
182,308.8
183,171.25
184,172.95000000000002
185,272.31904761904764
186,271.2
187,498.47142857142876
188,161.60833333333332
189,93.06831746031745
190,178.34069264069262
191,326.11666666666645
192,185.93621212121215
193,312.65888888888895
194,317.1
195,399.9
196,248.85095238095238
197,250.94571428571425
198,276.9969047619048
199,230.12636807636804
200,474.1466666666667
201,418.1766666666667
202,205.16595238095232
203,312.2333333333333
204,457.97824259074196
205,204.43333333333334
206,493.878896103896
207,405.6516666666668
208,501.3733333333333
209,95.78499999999998
210,360.8
211,294.8167857142857
212,276.9969047619048
213,259.3588139638141
214,421.18
215,347.4
216,448.3616666666667
217,126.33993149007854
218,340.93333333333334
219,127.90507936507933
220,205.60238095238105
221,560.6866666666666
222,240.5774458874458
223,397.6904242424243
224,490.1116666666666
225,376.5361904761905
226,210.1506601731602
227,340.0
228,352.82666666666677
229,480.65
230,264.28840909090906
231,423.6751587301588
232,402.88666666666666
233,264.6866666666666
234,354.36427163522774
235,304.6766666666667
236,268.1433333333334
237,460.9
238,415.39666666666665
239,380.0
240,697.4517857142856
241,138.5
242,191.03010101010105
243,400.08
244,371.56
245,411.1140873015873
246,334.58833333333325
247,210.1506601731602
248,375.6
249,298.74059523809524
250,178.86833333333334
251,580.7
252,376.31333333333345
253,521.3
254,445.56666666666666
255,267.9747119547121
256,418.28174603174597
257,295.0422222222222
258,223.2
259,122.70976190476188
260,429.6303174603174
261,179.76666666666665
262,415.95
263,178.86833333333334
264,266.6333333333333
265,222.54107142857134
266,246.1412698412698
267,202.17142857142855
268,185.39463952713965
269,200.53285714285713
270,433.3583333333337
271,367.04071428571433
272,277.7684423909425
273,437.2
274,411.1140873015873
275,298.9421428571429
276,297.9619047619048
277,431.5
278,210.79928571428565
279,519.14
280,324.57547619047614
281,164.4
282,192.385
283,255.69
284,227.4271284271283
285,132.47809523809528
286,339.19142857142856
287,222.52519841269842
288,219.5933333333333
289,327.84369523809517
290,410.95809523809515
291,196.85174242424245
292,381.83527777777783
293,272.47933333333333
294,232.54880952380958
295,111.22666666666669
296,246.9697619047619
297,192.385
298,251.91666666666666
299,182.61905483405485
300,186.02527750027747
301,379.42825813075814
302,205.47000000000003
303,174.04500000000002
304,653.001666666667
305,149.83154456654455
306,274.1992676767676
307,274.9469047619048
308,140.41333333333336
309,190.74
310,265.38666666666666
311,281.2547619047619
312,240.85
313,264.12666666666667
314,291.57352380952386
315,222.83
316,434.3503174603173
317,397.80285714285714
318,407.6
319,324.53690476190474
320,74.65384920634922
321,239.16666666666669
322,297.91
323,368.93
324,251.79666666666668
325,269.0523088023088
326,232.5687373737373
327,377.9
328,380.21333333333325
329,235.27608946608927
330,491.38500000000005
331,315.0288095238094
332,313.80419047619046
333,254.82665945165942
334,207.63920634920632
335,195.77658730158728
336,314.82
337,364.32499999999993
338,446.55285714285714
339,277.1666666666667
340,303.5876190476191
341,422.47
342,400.73333333333335
343,382.49452380952386
344,420.54
345,398.78666666666663
346,480.8666666666667
347,314.4949999999999
348,279.19
349,337.02
350,272.967
351,175.00571428571442
352,366.2816666666668
353,243.16483809523805
354,271.4
355,111.8
356,339.4033333333333
357,107.80742035742037
358,424.6666666666667
359,271.2
360,197.6
361,370.62
362,211.1
363,340.7933333333333
364,210.79928571428565
365,162.03574603174604
366,260.40404761904756
367,363.1758333333333
368,409.01571428571424
369,238.79940476190475
370,123.47452380952384
371,153.1
372,545.15
373,178.59427922077919
374,243.3
375,186.269
376,121.43761904761905
377,257.6645238095238
378,340.2188095238095
379,196.85174242424245
380,352.32071428571425
381,228.14666666666665
382,388.0613492063493
383,322.9863095238096
384,232.395
385,92.08559552669551
386,125.03333333333346
387,192.31719047619043
388,304.06
389,181.42
390,348.7
391,252.78
392,356.6093542568544
393,143.06928571428568
394,95.78499999999998
395,454.3366666666669
396,448.08
397,192.78892857142858
398,116.885
399,221.1533333333333
400,385.01
401,439.91333333333336
402,287.69
403,269.82
404,327.31
405,319.89785714285716
406,172.81388888888887
407,251.23333333333338
408,363.1758333333333
409,95.78499999999998
410,197.02738095238092
411,313.07285714285734
412,400.6
413,349.5222190476191
414,116.885
415,253.38161904761904
416,216.74464285714288
417,352.12666666666667
418,98.89857142857142
419,186.02527750027747
420,450.5083333333332
421,325.4609523809524
422,206.4024603174603
423,360.7166666666667
424,247.55738095238098
425,263.16
426,277.4647619047619
427,205.56
428,74.65384920634922
429,313.80419047619046
430,547.2533333333333
431,121.43761904761905
432,243.93733655233655
433,304.2125
434,400.4
435,431.80892857142857
436,381.6
437,436.4333333333333
438,393.55
439,469.09666666666664
440,536.1298146298147
441,152.301
442,417.3
443,411.2966666666666
444,170.17067460317458
445,143.01666666666668
446,131.85333333333338
447,223.8786507936507
448,108.00000000000001
449,457.0
450,521.3
451,418.4
452,285.6309498834499
453,281.2547619047619
454,522.5
455,364.8833333333334
456,578.5766666666666
457,172.95000000000002
458,292.0070476190476
459,243.93733655233655
460,389.2
461,250.5583333333333
462,484.18333333333334
463,211.54349206349215
464,449.6666666666667
465,138.70428571428573
466,124.65
467,423.295
468,205.64976190476193
469,230.07452380952367
470,479.05999999999995
471,373.41333333333336
472,228.06
473,537.25
474,233.39619047619047
475,268.2892063492064
476,453.28952380952387
477,277.4464285714285
478,771.0861904761907
479,482.17
480,319.97
481,388.84
482,162.07952380952378
483,423.85714285714283
484,171.6885714285714
485,276.65
486,267.47
487,314.82380952380953
488,199.59
489,267.9747119547121
490,231.0514285714286
491,111.23095238095237
492,356.8895238095238
493,248.85095238095238
494,522.1766666666667
495,385.6919047619048
496,309.56
497,235.57154761904764
498,235.27608946608927
499,294.1846190476191
500,442.85
501,575.8
502,187.17877570142284
503,207.73333333333332
504,191.80166666666665
505,191.97999999999996
506,569.365
507,588.04
508,191.4742424242424
509,169.65
510,378.44
511,631.447142857143
512,360.79
513,140.62214285714285
514,264.6241277777779
515,397.6
516,409.56571428571425
517,326.34
518,249.77238095238098
519,358.15412698412695
520,358.14000000000004
521,284.490364080364
522,173.95270634920638
523,191.4742424242424
524,291.3
525,455.7
526,384.495873015873
527,424.0
528,322.9863095238096
529,308.51733333333334
530,258.315
531,224.64619810744819
532,368.605
533,355.7933333333333
534,422.9858441558442
535,121.32412698412695
536,361.81666666666666
537,225.85
538,120.25
539,261.71674603174597
540,350.16999999999996
541,230.12636807636804
542,277.7684423909425
543,327.9
544,312.2333333333333
545,356.20000000000005
546,479.59
547,531.36
548,441.75
549,427.3833333333334
550,284.47404761904755
551,149.83154456654455
552,293.8192063492064
553,342.9891666666665
554,145.8436507936508
555,331.0366666666667
556,121.43761904761905
557,277.50138888888887
558,392.46511904761905
559,134.98714285714283
560,377.0516666666666
561,160.53230158730162
562,395.12
563,215.47949999999997
564,461.9
565,219.31666666666666
566,541.0166666666668
567,121.33787878787878
568,303.07
569,461.08
570,336.5566666666667
571,355.77
572,506.46
573,309.7
574,354.36427163522774
575,123.1
576,115.45
577,450.8991666666668
578,407.385
579,301.9
580,167.79333333333335
581,264.0061731601731
582,328.67333333333335
583,217.10166666666666
584,261.42749999999995
585,467.7
586,422.2215151515151
587,363.1758333333333
588,302.94968253968256
589,245.70973809523812
590,156.45412698412702
591,201.30896825396826
592,341.4525
593,186.31166666666667
594,572.9011904761905
595,327.05242063492085
596,186.89999999999998
597,314.36
598,317.524
599,115.45
600,622.6
601,277.7684423909425
602,155.1980158730158
603,218.266
604,157.3216666666667
605,513.15
606,542.1180952380953
607,232.89076923076922
608,418.68373015873004
609,356.6093542568544
610,286.6009523809523
611,191.4742424242424
612,330.14
613,187.17877570142284
614,304.8878571428572
615,659.4340476190474
616,248.6086446886447
617,199.6
618,212.7907142857143
619,274.9529437229437
620,331.7366666666666
621,310.0657142857142
622,460.7
623,218.266
624,364.55333333333334
625,410.74
626,228.2
627,385.01
628,366.6633333333333
629,328.6401190476191
630,465.38
631,262.8199206349206
632,440.61
633,178.86833333333334
634,282.8219047619048
635,196.35
636,311.66111111111115
637,287.70190476190476
638,350.45
639,460.6522222222222
640,383.22499999999997
641,310.2
642,366.6035714285714
643,213.6125
644,470.8933333333333
645,173.95428571428573
646,541.0166666666668
647,420.3
648,223.2102673992674
649,303.8993650793651
650,553.8885714285715
651,126.48
652,403.7
653,365.24
654,441.34
655,417.51238095238097
656,277.6
657,313.6
658,349.65896825396834
659,143.84
660,563.3216666666666
661,348.4776190476192
662,495.5333333333333
663,297.93809523809523
664,108.08980952380952
665,153.4716666666667
666,149.83154456654455
667,572.7147619047619
668,325.4609523809524
669,134.4252380952381
670,164.6
671,422.9
672,567.4666666666667
673,271.8786507936508
674,106.86301587301585
675,422.24
676,276.0
677,101.65
678,395.74
679,276.5330952380952
680,578.5766666666666
681,392.3797619047619
682,303.4
683,389.16666666666663
684,297.3295238095238
685,197.0119047619048
686,338.4533333333333
687,149.49333333333334
688,412.64676212676216
689,347.6661904761904
690,202.47920634920638
691,337.6730952380952
692,247.55738095238098
693,508.8033333333332
694,234.47833333333338
695,161.60833333333332
696,542.8666666666668
697,258.0316810966811
698,182.40333333333328
699,157.89333333333332
700,271.53190476190474
701,309.9166666666667
702,298.3931746031746
703,142.04263403263406
704,437.05190476190467
705,181.20000000000002
706,515.4471428571428
707,311.66111111111115
708,139.1463136863136
709,197.43714285714285
710,243.4072619047619
711,435.51642857142855
712,405.76
713,434.9964285714285
714,566.1
715,288.335
716,495.5333333333333
717,311.66111111111115
718,285.6309498834499
719,405.58190476190464
720,111.60190476190475
721,402.355
722,386.15066600066604
723,108.99333333333333
724,290.4633333333333
725,320.9338095238095
726,372.6173809523809
727,414.56166666666655
728,288.335
729,297.08
730,126.83829365079367
731,370.0471428571428
732,248.72976190476194
733,198.2
734,173.81410256410257
735,468.18666666666667
736,499.0
737,368.0
738,143.32597402597403
739,246.1412698412698
740,246.1412698412698
741,369.0557142857142
742,576.2833333333333
743,456.395
744,539.3345238095238
745,300.6930230880231
746,257.03833333333324
747,324.12
748,183.86
749,208.8
750,237.09749999999997
751,323.58095238095245
752,412.80309523809507
753,454.84
754,432.34642857142865
755,139.95714285714283
756,191.03010101010105
757,303.62
758,162.07952380952378
759,329.62
760,139.3
761,284.8666666666667
762,417.5
763,375.6634523809524
764,163.62147907647906
765,384.55119047619047
766,322.9863095238096
767,272.31904761904764
768,412.64676212676216
769,141.94750915750913
770,259.3588139638141
771,192.385
772,352.4
773,301.44
774,443.54
775,170.56246031746034
776,72.21388095238093
777,180.7
778,274.1992676767676
779,505.4
780,208.08146825396827
781,302.5705555555556
782,527.0
783,213.75
784,554.1
785,246.89261904761906
786,218.5390476190476
787,478.0933333333333
788,255.9466666666666
789,219.665
790,340.7
791,432.7416666666667
792,349.0900000000001
793,120.09761904761903
794,163.10833333333332
795,274.3
796,141.86214285714283
797,582.0504761904763
798,248.91666666666666
799,401.23
800,178.45
801,160.60166666666666
802,146.88000000000005
803,304.2125
804,410.377619047619
805,372.4109523809525
806,139.1463136863136
807,355.72166666666664
808,232.48023809523812
809,628.9666666666666
810,436.94
811,274.1992676767676
812,330.3338095238096
813,312.3366666666667
814,453.71047619047613
815,247.55738095238098
816,237.09749999999997
817,368.95809523809527
818,341.9
819,168.48944444444442
820,450.8991666666668
821,261.7890476190476
822,282.8666666666666
823,363.1758333333333
824,227.28333333333333
825,362.37595238095236
826,453.2599999999999
827,481.6333333333333
828,201.90000000000003
829,474.1466666666667
830,249.3
831,146.775
832,307.5164393939393
833,184.72993228993235
834,385.8051731601732
835,402.29261904761904
836,248.4064826839827
837,182.61905483405485
838,149.83154456654455
839,343.2925288600288
840,309.7666666666667
841,397.5
842,164.66809523809525
843,338.2
844,205.64976190476193
845,522.27
846,380.1333333333333
847,248.6086446886447
848,322.42761904761903
849,123.98392857142858
850,369.6416666666666
851,180.9704761904762
852,312.65888888888895
853,392.2633333333334
854,205.5066666666667
855,351.0047113997115
856,164.66809523809525
857,490.99333333333334
858,261.71674603174597
859,505.5333333333333
860,221.1533333333333
861,315.4660317460317
862,338.89071428571424
863,445.2
864,436.3
865,112.00777777777776
866,78.44690187590189
867,242.76666666666668
868,139.1463136863136
869,168.205
870,267.9747119547121
871,290.6666666666667
872,398.8328571428574
873,284.47404761904755
874,363.82222222222225
875,322.6369719169719
876,388.34738095238095
877,192.31719047619043
878,151.8
879,256.15211066711066
880,225.1
881,193.30933333333337
882,383.7666666666667
883,559.9552380952381
884,366.7666666666667
885,427.4666666666667
886,527.02
887,366.6633333333333
888,279.19
889,222.18013014763014
890,312.2333333333333
891,312.2333333333333
892,366.6633333333333
893,329.7957142857143
894,670.1023809523809
895,151.2
896,422.52
897,145.72166666666666
898,383.0
899,448.0766666666667
900,354.9666666666667
901,261.85
902,286.61238095238093
903,454.9266666666667
904,184.06690476190477
905,212.92666666666668
906,384.3
907,380.21333333333325
908,197.02738095238092
909,128.49726501439736
910,185.6
911,251.06190476190477
912,201.0595238095238
913,365.8
914,365.04238095238094
915,365.94
916,369.4
917,382.8
918,452.28400000000005
919,170.56666666666666
920,164.1242857142857
921,439.8666666666667
922,408.679
923,173.95428571428573
924,205.43214285714285
925,339.94961904761897
926,401.9699999999998
927,413.3
928,248.85095238095238
929,120.48666666666666
930,341.74333333333345
931,585.4333333333334
932,218.266
933,220.53833333333336
934,341.37999999999994
935,240.39607142857142
936,422.75
937,157.73642857142858
938,233.68
939,153.75
940,267.9747119547121
941,363.6
942,210.1506601731602
943,217.10166666666666
944,229.06476190476192
945,196.85174242424245
946,557.5
947,385.07190476190476
948,259.3588139638141
949,201.36904761904765
950,456.32761904761895
951,431.5814285714286
952,276.37799999999993
953,314.8166666666666
954,131.9715476190476
955,588.5033333333333
956,673.25
957,195.68
958,321.56666666666666
959,406.7833333333333
960,187.17877570142284
961,513.1042857142859
962,277.7684423909425
963,222.55222943722939
964,416.07
965,579.5066666666668
966,134.4252380952381
967,280.6402380952381
968,173.95428571428573
969,111.38583333333334
970,283.84999999999997
971,355.25
972,239.9
973,153.01523088023094
974,366.6633333333333
975,403.3
976,458.48
977,341.67499999999995
978,220.15890476190464
979,432.725
980,423.1333333333334
981,488.92
982,121.505
983,344.9852380952381
984,345.375
985,322.80083333333334
986,535.0061904761906
987,401.65166666666676
988,399.3
989,236.08
990,293.4
991,372.6173809523809
992,218.3
993,246.1412698412698
994,439.3233333333334
995,269.3961471861472
996,200.5
997,160.53230158730162
998,366.0
999,532.2966666666666
1000,250.490476190476
1001,467.5
1002,461.94
1003,230.1336349206349
1004,262.63432539682543
1005,266.84738095238095
1006,277.96666666666664
1007,384.46190476190475
1008,111.60190476190475
1009,288.37952380952385
1010,269.3961471861472
1011,243.93733655233655
1012,225.020367965368
1013,186.78
1014,412.64676212676216
1015,363.6
1016,409.6
1017,547.2
1018,342.9350000000001
1019,161.60833333333332
1020,143.32597402597403
1021,244.23642857142858
1022,185.39463952713965
1023,279.0740476190477
1024,205.5066666666667
1025,308.2738095238096
1026,321.75333333333333
1027,186.02527750027747
1028,230.12636807636804
1029,164.7143650793652
1030,327.9866666666666
1031,143.84
1032,455.12666666666667
1033,164.6
1034,144.96
1035,205.64976190476193
1036,397.50000000000006
1037,251.23333333333338
1038,336.07904761904757
1039,213.56417443667442
1040,397.3311904761905
1041,224.63349206349204
1042,559.7875
1043,216.74464285714288
1044,191.05476190476188
1045,78.44690187590189
1046,703.5866666666667
1047,274.9446666666667
1048,489.86
1049,163.71214285714282
1050,224.64619810744819
1051,365.45666666666676
1052,377.73333333333335
1053,422.7
1054,249.74666666666667
1055,266.3961904761906
1056,391.5380952380952
1057,240.0799999999999
1058,138.14
1059,503.6816666666666
1060,229.06476190476192
1061,446.48
1062,300.82
1063,232.36562049062036
1064,358.14000000000004
1065,474.46666666666664
1066,463.42
1067,306.8544444444445
1068,429.6303174603174
1069,221.6470634920635
1070,578.5766666666666
1071,435.6333333333334
1072,141.0104761904762
1073,404.5882550782552
1074,218.266
1075,309.56
1076,194.35619047619045
1077,178.34069264069262
1078,404.8666666666666
1079,192.57433205683202
1080,205.60238095238105
1081,295.04
1082,297.61333333333334
1083,298.0967311854814
1084,110.8689494949495
1085,142.04263403263406
1086,196.85174242424245
1087,167.79333333333335
1088,201.5720779220779
1089,81.99692857142857
1090,401.25047619047626
1091,493.9937301587302
1092,162.62
1093,457.11
1094,446.9266666666667
1095,183.27166666666668
1096,144.9
1097,201.1902380952381
1098,204.41
1099,224.35
1100,215.5
1101,213.40190476190477
1102,140.0822222222222
1103,449.04166666666674
1104,307.6166666666667
1105,395.26666666666665
1106,168.205
1107,343.2925288600288
1108,185.39463952713965
1109,177.08690476190475
1110,361.09833333333313
1111,198.0
1112,356.4
1113,404.01666666666665
1114,172.86095238095243
1115,333.94404761904775
1116,370.4808585858586
1117,225.14309523809524
1118,283.82
1119,134.4252380952381
1120,425.23
1121,480.5
1122,241.3
1123,209.90437229437225
1124,304.6880952380953
1125,469.7725685425686
1126,274.1992676767676
1127,154.3
1128,260.40404761904756
1129,444.2335714285714
1130,437.81666666666666
1131,128.5852380952381
1132,186.72533333333334
1133,260.40404761904756
1134,172.7734199134199
1135,342.295
1136,207.73333333333332
1137,298.31
1138,188.5
1139,326.04
1140,339.2666666666667
1141,206.0528571428571
1142,256.15211066711066
1143,375.575
1144,222.48952380952377
1145,359.4166666666667
1146,491.38500000000005
1147,339.8647619047619
1148,402.55
1149,588.5033333333333
1150,348.4776190476192
1151,231.38400000000007
1152,489.99857142857167
1153,341.4533333333333
1154,393.73999999999995
1155,267.9747119547121
1156,333.24
1157,213.56417443667442
1158,397.815
1159,157.86666666666662
1160,470.784761904762
1161,483.0
1162,119.0
1163,379.63476190476183
1164,183.21976190476192
1165,317.524
1166,553.8541666666667
1167,229.9100793650793
1168,573.9319047619047
1169,317.524
1170,206.3
1171,431.3833333333334
1172,395.8585317460317
1173,450.8991666666668
1174,343.2925288600288
1175,256.15211066711066
1176,418.1766666666667
1177,126.83829365079367
1178,432.8721428571429
1179,352.8
1180,195.77658730158728
1181,218.266
1182,354.36427163522774
1183,318.2
1184,300.4216666666667
1185,513.1042857142859
1186,683.8333333333333
1187,274.9469047619048
1188,262.8199206349206
1189,309.7833333333333
1190,395.7
1191,191.03010101010105
1192,354.36427163522774
1193,319.3683333333334
1194,277.4592857142856
1195,202.62100000000004
1196,171.25
1197,248.6086446886447
1198,450.8991666666668
1199,268.5573809523811
1200,395.4
1201,476.6
1202,453.28952380952387
1203,487.6
1204,420.9
1205,414.6114285714286
1206,370.825
1207,295.0422222222222
1208,111.22666666666669
1209,384.1047619047619
1210,327.84369523809517
1211,438.2
1212,500.54166666666663
1213,529.3
1214,464.64
1215,362.5
1216,476.6
1217,148.28404761904764
1218,344.28047619047624
1219,420.9633333333333
1220,295.6895238095238
1221,328.62
1222,145.8436507936508
1223,238.47583333333336
1224,319.29309523809525
1225,312.8080158730159
1226,246.0852380952381
1227,209.5
1228,435.7972222222223
1229,510.28333333333336
1230,418.28174603174597
1231,369.0533333333332
1232,428.65
1233,508.6
1234,276.9969047619048
1235,304.5914285714286
1236,275.52
1237,242.83072927072936
1238,395.02
1239,422.72
1240,103.405
1241,455.8366666666667
1242,640.8533333333332
1243,153.71134920634924
1244,120.48666666666666
1245,233.36666666666667
1246,237.7
1247,267.47
1248,126.83829365079367
1249,471.68476190476196
1250,233.39619047619047
1251,385.8533333333333
1252,260.40404761904756
1253,351.1
1254,321.2
1255,270.81
1256,259.3588139638141
1257,379.7733333333333
1258,409.3
1259,285.6309498834499
1260,109.66190476190475
1261,334.4657142857143
1262,397.6904242424243
1263,158.51309523809522
1264,441.1666666666666
1265,222.52519841269842
1266,252.8
1267,142.04263403263406
1268,434.0
1269,139.08500000000004
1270,111.38583333333334
1271,293.71095238095245
1272,178.59427922077919
1273,513.95
1274,124.8
1275,434.9964285714285
1276,475.16666666666663
1277,592.0166666666667
1278,565.0466666666666
1279,339.0517857142858
1280,398.57428571428574
1281,653.001666666667
1282,437.71281746031747
1283,464.1786904761905
1284,216.4
1285,204.78333333333333
1286,196.8915476190476
1287,230.12636807636804
1288,397.23333333333335
1289,103.3874352092352
1290,264.04
1291,238.48259740259732
1292,243.16483809523805
1293,448.3616666666667
1294,322.66666666666663
1295,277.50138888888887
1296,245.3
1297,279.8
1298,226.8404761904762
1299,342.76666666666665
1300,161.9733333333333
1301,235.27608946608927
1302,265.4
1303,439.03
1304,197.6
1305,203.29576118326116
1306,384.495873015873
1307,378.435
1308,385.1333333333333
1309,321.3573333333333
1310,146.88000000000005
1311,640.8533333333332
1312,111.22666666666669
1313,254.3874603174603
1314,464.5400000000002
1315,191.03010101010105
1316,285.6309498834499
1317,404.55
1318,271.8786507936508
1319,316.2388322788321
1320,422.10428571428594
1321,111.23095238095237
1322,463.5
1323,346.91428571428565
1324,295.6895238095238
1325,381.22666666666674
1326,384.16333333333324
1327,422.2215151515151
1328,329.7957142857143
1329,411.1140873015873
1330,193.30933333333337
1331,417.7666666666667
1332,222.48952380952377
1333,111.81
1334,145.26857142857145
1335,363.1758333333333
1336,260.5766666666667
1337,143.7
1338,413.0966666666667
1339,269.3
1340,210.671746031746
1341,356.57
1342,484.0800000000001
1343,384.1047619047619
1344,276.83333333333337
1345,588.5033333333333
1346,191.03010101010105
1347,364.4866666666666
1348,317.51666666666665
1349,266.15666666666664
1350,341.74333333333345
1351,156.1535642135641
1352,253.8
1353,525.8028282828284
1354,400.14
1355,281.2547619047619
1356,439.03
1357,400.04
1358,439.5361904761904
1359,113.38333333333333
1360,261.7321428571429
1361,280.7
1362,222.55222943722939
1363,555.3733333333332
1364,422.9858441558442
1365,280.1
1366,460.3666666666665
1367,263.03023809523813
1368,256.0
1369,372.09833333333347
1370,381.61191197691187
1371,292.975
1372,178.6778968253968
1373,284.7
1374,72.21388095238093
1375,431.36238095238093
1376,363.1758333333333
1377,156.45412698412702
1378,411.1
1379,225.12162171162174
1380,187.17877570142284
1381,214.1743650793651
1382,271.2
1383,324.95
1384,251.01999999999998
1385,295.0422222222222
1386,437.5
1387,182.4666666666667
1388,331.7500000000001
1389,288.335
1390,260.40404761904756
1391,311.7
1392,173.81410256410257
1393,295.3295238095238
1394,465.06666666666666
1395,324.9
1396,415.65190476190463
1397,386.15066600066604
1398,434.86333333333334
1399,398.8533333333333
1400,380.71214285714285
1401,375.37
1402,417.00571428571425
1403,446.34333333333336
1404,111.38583333333334
1405,457.5
1406,432.7099999999999
1407,343.1216666666667
1408,310.82
1409,364.69999999999993
1410,364.98
1411,173.95270634920638
1412,145.8436507936508
1413,317.524
1414,349.9833333333332
1415,370.0
1416,356.0
1417,246.0852380952381
1418,442.1682539682541
1419,385.6919047619048
1420,415.2114285714286
1421,528.9133333333333
1422,512.9
1423,267.1421428571429
1424,455.43571428571425
1425,438.8
1426,246.83333333333331
1427,182.3166666666667
1428,106.86301587301585
1429,386.15066600066604
1430,299.49586663336663
1431,211.04000000000002
1432,129.87166666666667
1433,480.8666666666667
1434,343.55999999999995
1435,281.2547619047619
1436,253.71047619047621
1437,260.5328095238095
1438,330.14
1439,145.7
1440,335.4940476190477
1441,296.80106060606056
1442,296.69
1443,210.7616666666667
1444,217.76516666666654
1445,331.6282539682539
1446,318.09
1447,210.79928571428565
1448,257.6786349206349
1449,93.06831746031745
1450,485.3525252525253
1451,441.0
1452,413.88
1453,530.0933333333335
1454,300.6930230880231
1455,401.25047619047626
1456,233.4
1457,235.95833333333331
1458,217.853
1459,248.3166666666667
1460,279.3766666666666
1461,391.59936507936504
1462,173.95270634920638
1463,288.27
1464,196.85174242424245
1465,420.3566666666667
1466,383.1266666666666
1467,232.36562049062036
1468,348.4776190476192
1469,419.64666666666665
1470,456.32761904761895
1471,213.56417443667442
1472,481.9333333333334
1473,185.39463952713965
1474,333.9316666666667
1475,388.0299999999999
1476,428.08666666666664
1477,444.54
1478,487.4947619047618
1479,411.94285714285724
1480,164.7143650793652
1481,313.49
1482,138.05
1483,220.15890476190464
1484,206.52246392496392
1485,412.1
1486,358.1438095238096
1487,670.1023809523809
1488,150.05
1489,358.4133333333333
1490,210.47133333333335
1491,515.8930952380952
1492,583.567142857143
1493,324.9
1494,228.14666666666665
1495,323.53333333333336
1496,354.36427163522774
1497,302.76626666666664
1498,396.5111904761905
1499,141.51
1500,409.9733333333333
1501,335.18
1502,210.79928571428565
1503,331.6282539682539
1504,334.58833333333325
1505,148.28404761904764
1506,407.385
1507,369.0533333333332
1508,407.15666666666675
1509,422.2
1510,348.99
1511,450.1
1512,458.99952380952385
1513,306.71428571428567
1514,221.35333333333335
1515,246.09619047619046
1516,308.2738095238096
1517,219.63912698412705
1518,502.15142857142854
1519,390.565
1520,320.08444444444444
1521,385.01
1522,182.3166666666667
1523,282.28012626262625
1524,374.2733333333333
1525,444.7
1526,265.04153679653683
1527,222.48952380952377
1528,260.40404761904756
1529,381.427380952381
1530,244.8733333333333
1531,347.06
1532,159.2705194805195
1533,588.5033333333333
1534,221.6470634920635
1535,400.62000000000006
1536,312.3607972582974
1537,140.0822222222222
1538,133.35666666666665
1539,199.66460317460323
1540,218.46
1541,475.3
1542,408.175
1543,235.27608946608927
1544,156.5652380952381
1545,235.43833333333336
1546,210.79928571428565
1547,457.97824259074196
1548,164.66809523809525
1549,168.2
1550,324.43547619047615
1551,485.3525252525253
1552,501.66666666666663
1553,319.38166666666666
1554,418.74
1555,423.8
1556,121.505
1557,196.85174242424245
1558,250.84404761904761
1559,295.44
1560,306.93629870129854
1561,405.1976190476191
1562,256.15211066711066
1563,435.53714285714295
1564,205.64976190476193
1565,445.2116666666666
1566,397.48
1567,259.4820238095238
1568,281.24285714285713
1569,372.59833333333347
1570,196.85174242424245
1571,267.0333333333333
1572,210.79928571428565
1573,307.94666666666666
1574,355.53866666666664
1575,264.6241277777779
1576,162.03574603174604
1577,84.42192857142857
1578,327.2480952380953
1579,403.20666666666676
1580,345.78
1581,400.14
1582,219.17523809523806
1583,482.6583333333333
1584,611.6
1585,418.8342857142857
1586,379.42825813075814
1587,252.9733333333333
1588,280.6402380952381
1589,391.59936507936504
1590,265.38666666666666
1591,363.94761904761907
1592,164.79666666666665
1593,171.08285714285716
1594,314.96666666666664
1595,244.8166666666667
1596,415.2
1597,210.80698412698425
1598,121.43761904761905
1599,318.4823809523809
1600,452.5516666666667
1601,405.6604761904763
1602,380.0
1603,183.21976190476192
1604,410.6
1605,224.64619810744819
1606,269.89047619047636
1607,375.9466666666666
1608,348.5523636363636
1609,144.99571428571426
1610,522.1228571428571
1611,213.9
1612,192.87738095238092
1613,244.40000000000003
1614,149.83154456654455
1615,298.0967311854814
1616,432.302619047619
1617,169.65928571428574
1618,663.4466666666666
1619,242.9575
1620,292.7
1621,387.65000000000003
1622,327.84369523809517
1623,230.07452380952367
1624,300.1
1625,440.61
1626,476.4
1627,411.225238095238
1628,195.97238095238095
1629,345.455238095238
1630,98.89857142857142
1631,556.92
1632,338.2
1633,291.13428571428574
1634,239.38649999999998
1635,201.90000000000003
1636,149.83154456654455
1637,331.3133333333333
1638,435.7216666666667
1639,161.0
1640,375.88
1641,230.07452380952367
1642,521.0566666666666
1643,276.87
1644,228.14666666666665
1645,372.6173809523809
1646,268.5573809523811
1647,263.03023809523813
1648,340.86
1649,312.65888888888895
1650,296.45
1651,313.8233333333334
1652,213.18404761904753
1653,280.95
1654,375.4
1655,412.64676212676216
1656,494.04
1657,573.9
1658,337.3456746031747
1659,444.0466666666667
1660,384.72666666666663
1661,381.6266666666667
1662,359.9809523809524
1663,303.38
1664,187.125
1665,459.6
1666,185.39463952713965
1667,121.61819047619048
1668,386.1
1669,299.0
1670,321.26095238095235
1671,513.7533333333333
1672,203.6095815295816
1673,291.03666666666663
1674,257.6645238095238
1675,192.3361904761904
1676,432.8721428571429
1677,585.3
1678,451.5
1679,345.75
1680,206.94391100729334
1681,385.4916666666667
1682,93.06831746031745
1683,409.56571428571425
1684,222.55222943722939
1685,469.4
1686,661.7
1687,381.6266666666667
1688,139.3
1689,269.0523088023088
1690,389.7380952380952
1691,167.79333333333335
1692,277.7684423909425
1693,268.5573809523811
1694,181.42
1695,443.3
1696,210.54047619047617
1697,305.4464285714286
1698,319.8983333333333
1699,197.19857142857143
1700,281.2547619047619
1701,288.335
1702,709.3984523809522
1703,215.15361111111113
1704,453.4
1705,444.4
1706,439.4657142857143
1707,252.46833333333336
1708,343.51057142857144
1709,385.2164285714286
1710,305.3706666666667
1711,497.5433333333334
1712,383.06666666666666
1713,537.5926190476189
1714,382.44999999999993
1715,507.0
1716,322.3973809523809
1717,223.40051587301582
1718,222.81111111111113
1719,362.1133333333333
1720,317.52
1721,108.03333333333333
1722,304.2125
1723,265.2
1724,407.7
1725,287.944242979243
1726,396.575119047619
1727,331.48
1728,254.82665945165942
1729,435.1952380952381
1730,170.36190476190473
1731,230.74
1732,190.26476190476188
1733,367.6833333333334
1734,415.65190476190463
1735,172.86095238095243
1736,349.045
1737,243.89666666666665
1738,284.47404761904755
1739,322.7186904761904
1740,355.1733333333333
1741,324.8569047619048
1742,349.38
1743,298.0967311854814
1744,473.86
1745,397.6904242424243
1746,479.5466666666667
1747,147.86285714285717
1748,507.69507936507927
1749,184.2946666666667
1750,213.05
1751,294.5
1752,303.62
1753,471.6180952380953
1754,215.31238095238098
1755,342.73880952380955
1756,329.7957142857143
1757,415.46285714285716
1758,396.62222222222226
1759,201.1
1760,514.0
1761,300.5333333333333
1762,111.51293650793649
1763,553.8885714285715
1764,480.8666666666667
1765,452.1566666666667
1766,416.34928571428554
1767,315.4660317460317
1768,357.72666666666663
1769,279.8133333333333
1770,298.80428571428575
1771,532.8933333333333
1772,487.3876190476191
1773,323.8092857142857
1774,490.6445238095238
1775,214.28190476190474
1776,477.0
1777,288.335
1778,136.29333333333335
1779,355.72166666666664
1780,338.3
1781,203.6
1782,240.61666666666665
1783,198.006
1784,313.4066666666667
1785,149.49333333333334
1786,249.74666666666667
1787,406.72833333333335
1788,334.65
1789,239.40333333333334
1790,485.85
1791,447.3
1792,258.23
1793,391.2671428571429
1794,536.1298146298147
1795,313.80419047619046
1796,287.70190476190476
1797,100.84
1798,182.3166666666667
1799,261.36384920634924
1800,389.46285714285716
1801,391.59936507936504
1802,303.747619047619
1803,334.58833333333325
1804,328.9
1805,402.29261904761904
1806,240.08333333333337
1807,182.61905483405485
1808,111.38583333333334
1809,195.97238095238095
1810,230.7266666666666
1811,511.36499999999995
1812,204.43333333333334
1813,387.0
1814,745.95
1815,356.6093542568544
1816,334.96166666666664
1817,492.8583333333333
1818,260.40404761904756
1819,238.31825396825397
1820,203.5459523809523
1821,338.16
1822,194.35619047619045
1823,258.0316810966811
1824,241.16
1825,434.0
1826,269.54285714285726
1827,231.05
1828,217.10166666666666
1829,236.7
1830,287.5
1831,332.2
1832,359.9809523809524
1833,214.42
1834,260.40404761904756
1835,417.96948412698424
1836,417.6
1837,156.005
1838,228.14666666666665
1839,198.63626623376615
1840,343.2925288600288
1841,297.3295238095238
1842,463.45
1843,223.8786507936507
1844,264.29849206349206
1845,101.65
1846,528.58
1847,497.5833333333333
1848,450.14
1849,243.93733655233655
1850,109.25150793650795
1851,182.61905483405485
1852,532.2966666666666
1853,298.74059523809524
1854,240.08333333333337
1855,331.4167857142856
1856,482.7
1857,401.62
1858,167.9252380952381
1859,221.97000000000003
1860,261.71674603174597
1861,580.9902380952379
1862,271.8786507936508
1863,498.5
1864,158.2559523809524
1865,492.6866666666666
1866,183.9515476190476
1867,473.3782142857142
1868,408.24772727272733
1869,303.62
1870,431.54333333333335
1871,281.2547619047619
1872,393.80297979797996
1873,343.2925288600288
1874,207.63920634920632
1875,346.2
1876,535.6
1877,517.28
1878,433.3583333333337
1879,399.6
1880,394.4666666666667
1881,225.27666666666667
1882,261.71674603174597
1883,201.5720779220779
1884,497.15817460317476
1885,113.38333333333333
1886,352.75333333333333
1887,322.7186904761904
1888,267.3046031746032
1889,311.9
1890,541.0166666666668
1891,223.5835714285714
1892,153.01523088023094
1893,279.125
1894,225.020367965368
1895,450.5083333333332
1896,225.40095238095242
1897,286.61238095238093
1898,381.6266666666667
1899,245.95
1900,126.83829365079367
1901,177.015
1902,168.48944444444442
1903,360.6
1904,422.20976190476193
1905,443.72
1906,591.4666666666666
1907,223.40051587301582
1908,184.72993228993235
1909,128.5852380952381
1910,201.90000000000003
1911,282.8219047619048
1912,386.15066600066604
1913,259.3588139638141
1914,485.3525252525253
1915,468.22047619047623
1916,187.17877570142284
1917,445.22
1918,392.3797619047619
1919,210.1506601731602
1920,276.3609523809524
1921,225.1742857142857
1922,146.88000000000005
1923,312.2333333333333
1924,192.31719047619043
1925,228.14666666666665
1926,196.35
1927,391.8
1928,344.085238095238
1929,381.23
1930,228.14666666666665
1931,136.83257215007205
1932,119.16456349206344
1933,235.70547619047625
1934,175.91666666666666
1935,176.92396825396833
1936,340.22
1937,156.76
1938,436.24
1939,223.40051587301582
1940,356.4
1941,113.38657142857141
1942,129.64925685425686
1943,382.49452380952386
1944,198.2
1945,174.34666666666666
1946,420.2633333333333
1947,521.1566666666666
1948,314.42880952380955
1949,529.2016666666666
1950,111.60190476190475
1951,89.34233333333334
1952,312.2333333333333
1953,466.24642857142857
1954,142.04263403263406
1955,187.3
1956,118.40354700854706
1957,185.39463952713965
1958,317.6
1959,215.47949999999997
1960,344.9
1961,309.83333333333337
1962,432.8721428571429
1963,312.8080158730159
1964,231.05
1965,281.4
1966,387.928016983017
1967,309.90142857142854
1968,446.5
1969,185.93621212121215
1970,118.22833333333334
1971,413.97206349206357
1972,375.2783333333333
1973,340.3333333333333
1974,236.0371428571428
1975,232.48023809523812
1976,353.5
1977,450.4616666666667
1978,408.464761904762
1979,495.5333333333333
1980,277.4592857142856
1981,513.1042857142859
1982,287.944242979243
1983,385.07190476190476
1984,213.05
1985,173.725
1986,447.137619047619
